Equal_Reserve,Modeled_RDI,RDI70_Boundary
0.4,0.5500000000000045,0.7445
0.4005,0.5500000000000045,0.7445
0.401,0.5500000000000045,0.7445
0.4015,0.5500000000000045,0.7445
0.402,0.5500000000000045,0.7445
0.4025,0.5500000000000045,0.7445
0.403,0.5500000000000045,0.7445
0.4035,0.5500000000000045,0.7445
0.404,0.5500000000000045,0.7445
0.4045,0.5500000000000045,0.7445
0.405,0.5500000000000045,0.7445
0.4055,0.5500000000000045,0.7445
0.406,0.5500000000000045,0.7445
0.40650000000000003,0.5500000000000045,0.7445
0.40700000000000003,0.5500000000000045,0.7445
0.40750000000000003,0.5500000000000045,0.7445
0.40800000000000003,0.5500000000000045,0.7445
0.40850000000000003,0.5500000000000045,0.7445
0.40900000000000003,0.5500000000000045,0.7445
0.40950000000000003,0.5500000000000045,0.7445
0.41000000000000003,0.5500000000000045,0.7445
0.41050000000000003,0.5500000000000045,0.7445
0.41100000000000003,0.5500000000000045,0.7445
0.41150000000000003,0.5500000000000045,0.7445
0.41200000000000003,0.5500000000000045,0.7445
0.41250000000000003,0.5500000000000045,0.7445
0.41300000000000003,0.5500000000000045,0.7445
0.41350000000000003,0.5500000000000045,0.7445
0.41400000000000003,0.5500000000000045,0.7445
0.41450000000000004,0.5500000000000045,0.7445
0.41500000000000004,0.5500000000000045,0.7445
0.41550000000000004,0.5500000000000045,0.7445
0.41600000000000004,0.5500000000000045,0.7445
0.41650000000000004,0.5500000000000045,0.7445
0.41700000000000004,0.5500000000000045,0.7445
0.41750000000000004,0.5500000000000045,0.7445
0.41800000000000004,0.5500000000000045,0.7445
0.41850000000000004,0.5500000000000045,0.7445
0.41900000000000004,0.5500000000000045,0.7445
0.41950000000000004,0.5500000000000045,0.7445
0.42000000000000004,0.5500000000000045,0.7445
0.42050000000000004,0.5500000000000045,0.7445
0.42100000000000004,0.5500000000000045,0.7445
0.42150000000000004,0.5500000000000045,0.7445
0.42200000000000004,0.5500000000000045,0.7445
0.42250000000000004,0.5500000000000045,0.7445
0.42300000000000004,0.5500000000000045,0.7445
0.42350000000000004,0.5500000000000045,0.7445
0.42400000000000004,0.5500000000000045,0.7445
0.42450000000000004,0.5500000000000045,0.7445
0.42500000000000004,0.5500000000000045,0.7445
0.42550000000000004,0.5500000000000045,0.7445
0.42600000000000005,0.5500000000000045,0.7445
0.42650000000000005,0.5500000000000045,0.7445
0.42700000000000005,0.5500000000000045,0.7445
0.42750000000000005,0.5500000000000045,0.7445
0.42800000000000005,0.5500000000000045,0.7445
0.42850000000000005,0.5500000000000045,0.7445
0.42900000000000005,0.5500000000000045,0.7445
0.42950000000000005,0.5500000000000045,0.7445
0.43000000000000005,0.5500000000000045,0.7445
0.4305,0.5500000000000045,0.7445
0.43100000000000005,0.5500000000000045,0.7445
0.4315,0.5500000000000045,0.7445
0.43200000000000005,0.5500000000000045,0.7445
0.4325,0.5500000000000045,0.7445
0.43300000000000005,0.5500000000000045,0.7445
0.4335,0.5500000000000045,0.7445
0.43400000000000005,0.5500000000000045,0.7445
0.4345,0.5500000000000045,0.7445
0.43500000000000005,0.5500000000000045,0.7445
0.4355,0.5500000000000045,0.7445
0.43600000000000005,0.5500000000000045,0.7445
0.4365,0.5500000000000045,0.7445
0.437,0.5500000000000045,0.7445
0.4375,0.5500000000000045,0.7445
0.438,0.5500000000000045,0.7445
0.4385,0.5500000000000045,0.7445
0.439,0.5500000000000045,0.7445
0.4395,0.5500000000000045,0.7445
0.44,0.5500000000000045,0.7445
0.4405,0.5500000000000045,0.7445
0.441,0.5500000000000045,0.7445
0.4415,0.5500000000000045,0.7445
0.442,0.5500000000000045,0.7445
0.4425,0.5500000000000045,0.7445
0.443,0.5500000000000045,0.7445
0.4435,0.5500000000000045,0.7445
0.444,0.5500000000000045,0.7445
0.4445,0.5500000000000045,0.7445
0.445,0.5500000000000045,0.7445
0.4455,0.5500000000000045,0.7445
0.446,0.5500000000000045,0.7445
0.4465,0.5500000000000045,0.7445
0.447,0.5500000000000045,0.7445
0.4475,0.5500000000000045,0.7445
0.448,0.5500000000000045,0.7445
0.4485,0.5500000000000045,0.7445
0.449,0.5500000000000045,0.7445
0.4495,0.5500000000000045,0.7445
0.45,0.5500000000000045,0.7445
0.4505,0.5500000000000045,0.7445
0.451,0.5500000000000045,0.7445
0.4515,0.5500000000000045,0.7445
0.452,0.5500000000000045,0.7445
0.4525,0.5500000000000045,0.7445
0.453,0.5500000000000045,0.7445
0.4535,0.5500000000000045,0.7445
0.454,0.5500000000000045,0.7445
0.4545,0.5500000000000045,0.7445
0.455,0.5500000000000045,0.7445
0.4555,0.5500000000000045,0.7445
0.456,0.5500000000000045,0.7445
0.4565,0.5500000000000045,0.7445
0.457,0.5500000000000045,0.7445
0.4575,0.5500000000000045,0.7445
0.458,0.5500000000000045,0.7445
0.4585,0.5500000000000045,0.7445
0.459,0.5500000000000045,0.7445
0.4595,0.5500000000000045,0.7445
0.46,0.5500000000000045,0.7445
0.4605,0.5500000000000045,0.7445
0.461,0.5500000000000045,0.7445
0.4615,0.5500000000000045,0.7445
0.462,0.5500000000000045,0.7445
0.4625,0.5500000000000045,0.7445
0.463,0.5500000000000045,0.7445
0.4635,0.5500000000000045,0.7445
0.464,0.5500000000000045,0.7445
0.4645,0.5500000000000045,0.7445
0.465,0.5500000000000045,0.7445
0.4655,0.5500000000000045,0.7445
0.466,0.5500000000000045,0.7445
0.4665,0.5500000000000045,0.7445
0.467,0.5500000000000045,0.7445
0.4675,0.5500000000000045,0.7445
0.468,0.5500000000000045,0.7445
0.4685,0.5500000000000045,0.7445
0.46900000000000003,0.5500000000000045,0.7445
0.46950000000000003,0.5500000000000045,0.7445
0.47000000000000003,0.5500000000000045,0.7445
0.47050000000000003,0.5500000000000045,0.7445
0.47100000000000003,0.5500000000000045,0.7445
0.47150000000000003,0.5500000000000045,0.7445
0.47200000000000003,0.5500000000000045,0.7445
0.47250000000000003,0.5500000000000045,0.7445
0.47300000000000003,0.5500000000000045,0.7445
0.47350000000000003,0.5500000000000045,0.7445
0.47400000000000003,0.5500000000000045,0.7445
0.47450000000000003,0.5500000000000045,0.7445
0.47500000000000003,0.5500000000000045,0.7445
0.47550000000000003,0.5500000000000045,0.7445
0.47600000000000003,0.5500000000000045,0.7445
0.47650000000000003,0.5500000000000045,0.7445
0.47700000000000004,0.5500000000000045,0.7445
0.47750000000000004,0.5500000000000045,0.7445
0.47800000000000004,0.5500000000000045,0.7445
0.47850000000000004,0.5500000000000045,0.7445
0.47900000000000004,0.5500000000000045,0.7445
0.47950000000000004,0.5500000000000045,0.7445
0.48000000000000004,0.5500000000000045,0.7445
0.48050000000000004,0.5500000000000045,0.7445
0.48100000000000004,0.5500000000000045,0.7445
0.48150000000000004,0.5500000000000045,0.7445
0.48200000000000004,0.5500000000000045,0.7445
0.48250000000000004,0.5500000000000045,0.7445
0.48300000000000004,0.5500000000000045,0.7445
0.48350000000000004,0.5500000000000045,0.7445
0.48400000000000004,0.5500000000000045,0.7445
0.48450000000000004,0.5500000000000045,0.7445
0.48500000000000004,0.5500000000000045,0.7445
0.48550000000000004,0.5500000000000045,0.7445
0.48600000000000004,0.5500000000000045,0.7445
0.48650000000000004,0.5500000000000045,0.7445
0.48700000000000004,0.5500000000000045,0.7445
0.48750000000000004,0.5500000000000045,0.7445
0.488,0.5500000000000045,0.7445
0.48850000000000005,0.5500000000000045,0.7445
0.489,0.5500000000000045,0.7445
0.48950000000000005,0.5500000000000045,0.7445
0.49,0.5500000000000045,0.7445
0.49050000000000005,0.5500000000000045,0.7445
0.491,0.5500000000000045,0.7445
0.49150000000000005,0.5500000000000045,0.7445
0.492,0.5500000000000045,0.7445
0.49250000000000005,0.5500000000000045,0.7445
0.493,0.5500000000000045,0.7445
0.49350000000000005,0.5500000000000045,0.7445
0.494,0.5500000000000045,0.7445
0.49450000000000005,0.5500000000000045,0.7445
0.495,0.5500000000000045,0.7445
0.49550000000000005,0.5500000000000045,0.7445
0.496,0.5500000000000045,0.7445
0.49650000000000005,0.5500000000000045,0.7445
0.497,0.5500000000000045,0.7445
0.49750000000000005,0.5500000000000045,0.7445
0.498,0.5500000000000045,0.7445
0.49850000000000005,0.5500000000000045,0.7445
0.499,0.5500000000000045,0.7445
0.49950000000000006,0.5500000000000045,0.7445
0.5,0.5500000000000045,0.7445
0.5005000000000001,0.5500000000000045,0.7445
0.501,0.5500000000000045,0.7445
0.5015000000000001,0.5500000000000045,0.7445
0.502,0.5500000000000045,0.7445
0.5025000000000001,0.5500000000000045,0.7445
0.503,0.5500000000000045,0.7445
0.5035000000000001,0.5500000000000045,0.7445
0.504,0.5500000000000045,0.7445
0.5045000000000001,0.5500000000000045,0.7445
0.505,0.5500000000000045,0.7445
0.5055000000000001,0.5500000000000045,0.7445
0.506,0.5500000000000045,0.7445
0.5065000000000001,0.5500000000000045,0.7445
0.507,0.5500000000000045,0.7445
0.5075000000000001,0.5500000000000045,0.7445
0.508,0.5500000000000045,0.7445
0.5085000000000001,0.5500000000000045,0.7445
0.509,0.5500000000000045,0.7445
0.5095000000000001,0.5500000000000045,0.7445
0.51,0.5500000000000045,0.7445
0.5105000000000001,0.5500000000000045,0.7445
0.511,0.5500000000000045,0.7445
0.5115000000000001,0.5500000000000045,0.7445
0.512,0.5500000000000045,0.7445
0.5125000000000001,0.5500000000000045,0.7445
0.513,0.5500000000000045,0.7445
0.5135000000000001,0.5500000000000045,0.7445
0.514,0.5500000000000045,0.7445
0.5145000000000001,0.5500000000000045,0.7445
0.515,0.5500000000000045,0.7445
0.5155000000000001,0.5500000000000045,0.7445
0.516,0.5500000000000045,0.7445
0.5165000000000001,0.5500000000000045,0.7445
0.517,0.5500000000000045,0.7445
0.5175000000000001,0.5500000000000045,0.7445
0.518,0.5500000000000045,0.7445
0.5185000000000001,0.5500000000000045,0.7445
0.519,0.5500000000000045,0.7445
0.5195000000000001,0.5500000000000045,0.7445
0.52,0.5500000000000045,0.7445
0.5205,0.5500000000000045,0.7445
0.521,0.5500000000000045,0.7445
0.5215000000000001,0.5500000000000045,0.7445
0.522,0.5500000000000045,0.7445
0.5225,0.5500000000000045,0.7445
0.523,0.5500000000000045,0.7445
0.5235000000000001,0.5500000000000045,0.7445
0.524,0.5500000000000045,0.7445
0.5245,0.5500000000000045,0.7445
0.525,0.5500000000000045,0.7445
0.5255000000000001,0.5500000000000045,0.7445
0.526,0.5500000000000045,0.7445
0.5265,0.5500000000000045,0.7445
0.527,0.5500000000000045,0.7445
0.5275000000000001,0.5500000000000045,0.7445
0.528,0.5500000000000045,0.7445
0.5285,0.5500000000000045,0.7445
0.529,0.5500000000000045,0.7445
0.5295000000000001,0.5500000000000045,0.7445
0.53,0.5500000000000045,0.7445
0.5305,0.5500000000000045,0.7445
0.531,0.5500000000000045,0.7445
0.5315000000000001,0.5500000000000045,0.7445
0.532,0.5500000000000045,0.7445
0.5325,0.5500000000000045,0.7445
0.533,0.5500000000000045,0.7445
0.5335000000000001,0.5500000000000045,0.7445
0.534,0.5500000000000045,0.7445
0.5345,0.5500000000000045,0.7445
0.535,0.5500000000000045,0.7445
0.5355000000000001,0.5500555555555601,0.7445
0.536,0.5505000000000044,0.7445
0.5365,0.5509444444444489,0.7445
0.537,0.5513888888888934,0.7445
0.5375000000000001,0.5519444444444489,0.7445
0.538,0.5523888888888934,0.7445
0.5385,0.5528333333333378,0.7445
0.539,0.5532777777777823,0.7445
0.5395000000000001,0.5537222222222268,0.7445
0.54,0.5542777777777823,0.7445
0.5405,0.5546111111111156,0.7445
0.541,0.5550555555555601,0.7445
0.5415000000000001,0.5556111111111156,0.7445
0.542,0.5560555555555601,0.7445
0.5425,0.5565000000000045,0.7445
0.543,0.556944444444449,0.7445
0.5435000000000001,0.5573888888888935,0.7445
0.544,0.557944444444449,0.7445
0.5445,0.5583333333333379,0.7445
0.545,0.5587222222222268,0.7445
0.5455,0.5592777777777823,0.7445
0.546,0.5597222222222268,0.7445
0.5465,0.5601666666666713,0.7445
0.547,0.5606111111111157,0.7445
0.5475,0.5610555555555601,0.7445
0.548,0.5615000000000046,0.7445
0.5485,0.561944444444449,0.7445
0.549,0.5623888888888935,0.7445
0.5495,0.562944444444449,0.7445
0.55,0.5632777777777823,0.7445
0.5505,0.5637222222222268,0.7445
0.551,0.5642777777777823,0.7445
0.5515,0.5646111111111157,0.7445
0.552,0.5650555555555601,0.7445
0.5525,0.5656111111111157,0.7445
0.553,0.565944444444449,0.7445
0.5535,0.5663888888888935,0.7445
0.554,0.566944444444449,0.7445
0.5545,0.5672777777777823,0.7445
0.555,0.5677222222222268,0.7445
0.5555,0.5682777777777824,0.7445
0.556,0.5686111111111157,0.7445
0.5565,0.5690555555555602,0.7445
0.557,0.5696111111111157,0.7445
0.5575,0.5699444444444491,0.7445
0.558,0.5703888888888936,0.7445
0.5585,0.5708333333333381,0.7445
0.559,0.5712777777777824,0.7445
0.5595,0.5717222222222269,0.7445
0.56,0.5721666666666714,0.7445
0.5605,0.5726111111111158,0.7445
0.561,0.5730000000000047,0.7445
0.5615,0.5733888888888937,0.7445
0.562,0.5739444444444493,0.7445
0.5625,0.5742777777777825,0.7445
0.5630000000000001,0.574722222222227,0.7445
0.5635,0.5751666666666715,0.7445
0.5640000000000001,0.575611111111116,0.7445
0.5645,0.5760555555555604,0.7445
0.5650000000000001,0.5765000000000049,0.7445
0.5655,0.5769444444444494,0.7445
0.5660000000000001,0.5772777777777827,0.7445
0.5665,0.5777222222222271,0.7445
0.5670000000000001,0.5781666666666716,0.7445
0.5675,0.5786111111111161,0.7445
0.5680000000000001,0.5790555555555605,0.7445
0.5685,0.5793888888888938,0.7445
0.5690000000000001,0.5799444444444494,0.7445
0.5695,0.5802777777777828,0.7445
0.5700000000000001,0.5807222222222272,0.7445
0.5705,0.5811666666666717,0.7445
0.5710000000000001,0.5816111111111162,0.7445
0.5715,0.5820000000000051,0.7445
0.5720000000000001,0.582388888888894,0.7445
0.5725,0.5828333333333384,0.7445
0.5730000000000001,0.5832777777777829,0.7445
0.5735,0.5837222222222272,0.7445
0.5740000000000001,0.5840555555555607,0.7445
0.5745,0.5846111111111162,0.7445
0.5750000000000001,0.5849444444444495,0.7445
0.5755,0.585388888888894,0.7445
0.5760000000000001,0.5857222222222273,0.7445
0.5765,0.5862777777777828,0.7445
0.577,0.5866111111111161,0.7445
0.5775,0.5870555555555605,0.7445
0.5780000000000001,0.5873888888888938,0.7445
0.5785,0.5879444444444494,0.7445
0.579,0.5882777777777827,0.7445
0.5795,0.5887222222222271,0.7445
0.5800000000000001,0.5890555555555604,0.7445
0.5805,0.5895000000000049,0.7445
0.581,0.5899444444444494,0.7445
0.5815,0.5903333333333383,0.7445
0.5820000000000001,0.5907222222222271,0.7445
0.5825,0.5911666666666715,0.7445
0.583,0.591611111111116,0.7445
0.5835,0.5919444444444493,0.7445
0.5840000000000001,0.5923888888888937,0.7445
0.5845,0.592722222222227,0.7445
0.585,0.5932777777777826,0.7445
0.5855,0.5936111111111159,0.7445
0.5860000000000001,0.5940000000000047,0.7445
0.5865,0.5943888888888936,0.7445
0.587,0.5948333333333381,0.7445
0.5875,0.5952777777777826,0.7445
0.5880000000000001,0.5956111111111159,0.7445
0.5885,0.5960555555555603,0.7445
0.589,0.5963888888888936,0.7445
0.5895,0.596833333333338,0.7445
0.5900000000000001,0.5972777777777825,0.7445
0.5905,0.5976111111111158,0.7445
0.591,0.5980555555555602,0.7445
0.5915,0.5983888888888935,0.7445
0.5920000000000001,0.598944444444449,0.7445
0.5925,0.5992777777777825,0.7445
0.593,0.5996111111111158,0.7445
0.5935,0.6000555555555602,0.7445
0.5940000000000001,0.6003888888888935,0.7445
0.5945,0.6008333333333379,0.7445
0.595,0.6012777777777824,0.7445
0.5955,0.6016111111111156,0.7445
0.5960000000000001,0.6020555555555601,0.7445
0.5965,0.6023888888888934,0.7445
0.597,0.6028333333333379,0.7445
0.5975,0.6032777777777824,0.7445
0.5980000000000001,0.6036111111111157,0.7445
0.5985,0.6040000000000045,0.7445
0.599,0.6043888888888934,0.7445
0.5995,0.6048333333333378,0.7445
0.6000000000000001,0.6052777777777822,0.7445
0.6005,0.6056111111111155,0.7445
0.601,0.605944444444449,0.7445
0.6015,0.6063888888888933,0.7445
0.6020000000000001,0.6067222222222267,0.7445
0.6025,0.6071666666666711,0.7445
0.603,0.6076111111111155,0.7445
0.6035,0.6079444444444488,0.7445
0.6040000000000001,0.6082777777777821,0.7445
0.6045,0.6087222222222266,0.7445
0.605,0.6090555555555599,0.7445
0.6055,0.6095000000000044,0.7445
0.6060000000000001,0.6099444444444488,0.7445
0.6065,0.6102777777777821,0.7445
0.607,0.6106111111111154,0.7445
0.6075,0.6110555555555599,0.7445
0.6080000000000001,0.6113888888888932,0.7445
0.6085,0.6117222222222265,0.7445
0.609,0.612166666666671,0.7445
0.6095,0.6126111111111154,0.7445
0.61,0.6129444444444487,0.7445
0.6105,0.613277777777782,0.7445
0.611,0.6137222222222265,0.7445
0.6115,0.6140555555555598,0.7445
0.612,0.6145000000000043,0.7445
0.6125,0.6148333333333376,0.7445
0.613,0.615277777777782,0.7445
0.6135,0.6156111111111153,0.7445
0.614,0.6159444444444486,0.7445
0.6145,0.6163888888888931,0.7445
0.615,0.6167222222222264,0.7445
0.6155,0.6170555555555597,0.7445
0.616,0.617500000000004,0.7445
0.6165,0.6179444444444485,0.7445
0.617,0.6182777777777818,0.7445
0.6175,0.6186111111111151,0.7445
0.618,0.6189444444444484,0.7445
0.6185,0.6193888888888928,0.7445
0.619,0.6197222222222261,0.7445
0.6195,0.6200555555555594,0.7445
0.62,0.6205000000000037,0.7445
0.6205,0.6209444444444482,0.7445
0.621,0.6212777777777815,0.7445
0.6215,0.6216111111111148,0.7445
0.622,0.6219444444444481,0.7445
0.6225,0.6223333333333368,0.7445
0.623,0.6227222222222257,0.7445
0.6235,0.623055555555559,0.7445
0.624,0.6235000000000034,0.7445
0.6245,0.6238333333333367,0.7445
0.625,0.6242777777777812,0.7445
0.6255000000000001,0.6246111111111144,0.7445
0.626,0.6249444444444477,0.7445
0.6265000000000001,0.625277777777781,0.7445
0.627,0.6256111111111143,0.7445
0.6275000000000001,0.6260555555555587,0.7445
0.628,0.626388888888892,0.7445
0.6285000000000001,0.6267222222222253,0.7445
0.629,0.6271666666666696,0.7445
0.6295000000000001,0.6275000000000029,0.7445
0.63,0.6278333333333362,0.7445
0.6305000000000001,0.6282777777777807,0.7445
0.631,0.628611111111114,0.7445
0.6315000000000001,0.6289444444444473,0.7445
0.632,0.6292777777777806,0.7445
0.6325000000000001,0.6296111111111139,0.7445
0.633,0.6300555555555583,0.7445
0.6335000000000001,0.6303888888888916,0.7445
0.634,0.6307222222222248,0.7445
0.6345000000000001,0.6310555555555581,0.7445
0.635,0.6315000000000025,0.7445
0.6355000000000001,0.6318333333333358,0.7445
0.636,0.6321666666666691,0.7445
0.6365000000000001,0.6326111111111136,0.7445
0.637,0.6329444444444469,0.7445
0.6375000000000001,0.6332777777777802,0.7445
0.638,0.6336111111111135,0.7445
0.6385000000000001,0.6339444444444468,0.7445
0.639,0.63427777777778,0.7445
0.6395000000000001,0.6346666666666688,0.7445
0.64,0.6350555555555577,0.7445
0.6405000000000001,0.635388888888891,0.7445
0.641,0.6357222222222243,0.7445
0.6415,0.6360555555555576,0.7445
0.642,0.6363888888888909,0.7445
0.6425000000000001,0.6368333333333352,0.7445
0.643,0.6371666666666685,0.7445
0.6435,0.6375000000000018,0.7445
0.644,0.6378333333333351,0.7445
0.6445000000000001,0.6382777777777796,0.7445
0.645,0.6386111111111129,0.7445
0.6455,0.6389444444444462,0.7445
0.646,0.6392777777777795,0.7445
0.6465000000000001,0.6396111111111128,0.7445
0.647,0.6399444444444461,0.7445
0.6475,0.6402777777777794,0.7445
0.648,0.6406111111111127,0.7445
0.6485000000000001,0.640944444444446,0.7445
0.649,0.6413333333333348,0.7445
0.6495,0.641666666666668,0.7445
0.65,0.6420555555555569,0.7445
0.6505000000000001,0.6423888888888902,0.7445
0.651,0.6427222222222235,0.7445
0.6515,0.6430555555555568,0.7445
0.652,0.6433888888888901,0.7445
0.6525000000000001,0.6437222222222234,0.7445
0.653,0.6440555555555567,0.7445
0.6535,0.64438888888889,0.7445
0.654,0.6447222222222233,0.7445
0.6545000000000001,0.6451666666666677,0.7445
0.655,0.645500000000001,0.7445
0.6555,0.6458333333333343,0.7445
0.656,0.6461666666666676,0.7445
0.6565000000000001,0.6465000000000009,0.7445
0.657,0.6468333333333341,0.7445
0.6575,0.6471666666666674,0.7445
0.658,0.6475000000000007,0.7445
0.6585000000000001,0.647833333333334,0.7445
0.659,0.6481666666666673,0.7445
0.6595,0.6485000000000006,0.7445
0.66,0.6488333333333339,0.7445
0.6605000000000001,0.6491666666666672,0.7445
0.661,0.6496111111111117,0.7445
0.6615,0.649944444444445,0.7445
0.662,0.6502777777777783,0.7445
0.6625000000000001,0.6506111111111116,0.7445
0.663,0.6509444444444449,0.7445
0.6635,0.6512777777777782,0.7445
0.664,0.6516111111111115,0.7445
0.6645000000000001,0.6519444444444448,0.7445
0.665,0.6522777777777781,0.7445
0.6655,0.6526111111111114,0.7445
0.666,0.6529444444444447,0.7445
0.6665000000000001,0.653277777777778,0.7445
0.667,0.6536111111111113,0.7445
0.6675,0.6538333333333334,0.7445
0.668,0.6541666666666667,0.7445
0.6685000000000001,0.6545,0.7445
0.669,0.6548333333333333,0.7445
0.6695,0.6551666666666666,0.7445
0.67,0.6554999999999999,0.7445
0.6705000000000001,0.6558333333333332,0.7445
0.671,0.6561666666666665,0.7445
0.6715,0.6564999999999998,0.7445
0.672,0.656833333333333,0.7445
0.6725000000000001,0.6571666666666663,0.7445
0.673,0.6574999999999996,0.7445
0.6735,0.6578333333333329,0.7445
0.674,0.6581666666666662,0.7445
0.6745000000000001,0.6583888888888885,0.7445
0.675,0.6587222222222218,0.7445
0.6755,0.6590555555555551,0.7445
0.676,0.6593888888888884,0.7445
0.6765000000000001,0.6597222222222217,0.7445
0.677,0.660055555555555,0.7445
0.6775,0.6603888888888882,0.7445
0.678,0.6607222222222215,0.7445
0.6785000000000001,0.6610555555555548,0.7445
0.679,0.6613333333333326,0.7445
0.6795,0.6616666666666658,0.7445
0.68,0.6619444444444437,0.7445
0.6805000000000001,0.662277777777777,0.7445
0.681,0.6626111111111103,0.7445
0.6815,0.6629444444444436,0.7445
0.682,0.6632777777777769,0.7445
0.6825000000000001,0.6636111111111102,0.7445
0.683,0.6639444444444434,0.7445
0.6835,0.6642777777777767,0.7445
0.684,0.66461111111111,0.7445
0.6845000000000001,0.6648333333333322,0.7445
0.685,0.6651666666666655,0.7445
0.6855,0.6654999999999988,0.7445
0.686,0.6658333333333321,0.7445
0.6865000000000001,0.6661666666666654,0.7445
0.687,0.6663888888888876,0.7445
0.6875,0.6667222222222209,0.7445
0.6880000000000001,0.6670555555555542,0.7445
0.6885,0.6673888888888875,0.7445
0.6890000000000001,0.6676666666666652,0.7445
0.6895,0.667944444444443,0.7445
0.69,0.6682777777777763,0.7445
0.6905,0.6686111111111096,0.7445
0.6910000000000001,0.6689444444444429,0.7445
0.6915,0.6692777777777762,0.7445
0.692,0.6696111111111095,0.7445
0.6925,0.6699444444444428,0.7445
0.6930000000000001,0.6701666666666649,0.7445
0.6935,0.6704999999999982,0.7445
0.694,0.6708333333333315,0.7445
0.6945,0.6710555555555537,0.7445
0.6950000000000001,0.671388888888887,0.7445
0.6955,0.6717222222222203,0.7445
0.696,0.6720555555555536,0.7445
0.6965,0.6723333333333313,0.7445
0.6970000000000001,0.6726111111111092,0.7445
0.6975,0.6729444444444425,0.7445
0.698,0.6732777777777758,0.7445
0.6985,0.673611111111109,0.7445
0.6990000000000001,0.6739444444444423,0.7445
0.6995,0.6741666666666645,0.7445
0.7,0.6744999999999978,0.7445
0.7005,0.67472222222222,0.7445
0.7010000000000001,0.6750555555555533,0.7445
0.7015,0.6753888888888866,0.7445
0.702,0.6756666666666643,0.7445
0.7025,0.6759444444444421,0.7445
0.7030000000000001,0.6762777777777754,0.7445
0.7035,0.6766111111111087,0.7445
0.704,0.676944444444442,0.7445
0.7045,0.6772777777777753,0.7445
0.7050000000000001,0.6774999999999974,0.7445
0.7055,0.6778333333333307,0.7445
0.706,0.678055555555553,0.7445
0.7065,0.6783888888888863,0.7445
0.7070000000000001,0.6787222222222196,0.7445
0.7075,0.6789444444444418,0.7445
0.708,0.6792777777777751,0.7445
0.7085,0.6796111111111084,0.7445
0.7090000000000001,0.6799444444444417,0.7445
0.7095,0.6801666666666638,0.7445
0.71,0.6804999999999971,0.7445
0.7105,0.6808333333333304,0.7445
0.7110000000000001,0.6810555555555526,0.7445
0.7115,0.6813888888888859,0.7445
0.712,0.6816666666666636,0.7445
0.7125,0.6819444444444415,0.7445
0.7130000000000001,0.6822777777777748,0.7445
0.7135,0.6826111111111081,0.7445
0.714,0.6828333333333302,0.7445
0.7145,0.6831666666666635,0.7445
0.7150000000000001,0.6833888888888857,0.7445
0.7155,0.6837222222222191,0.7445
0.716,0.6839999999999969,0.7445
0.7165,0.6842777777777747,0.7445
0.7170000000000001,0.684611111111108,0.7445
0.7175,0.6849444444444412,0.7445
0.718,0.6851666666666634,0.7445
0.7185,0.6854999999999967,0.7445
0.7190000000000001,0.6857222222222189,0.7445
0.7195,0.6860555555555522,0.7445
0.72,0.68633333333333,0.7445
0.7205,0.6866111111111077,0.7445
0.7210000000000001,0.686944444444441,0.7445
0.7215,0.6872777777777743,0.7445
0.722,0.6874999999999964,0.7445
0.7225,0.6878333333333297,0.7445
0.7230000000000001,0.688055555555552,0.7445
0.7235,0.6883333333333298,0.7445
0.724,0.6886111111111075,0.7445
0.7245,0.6889444444444408,0.7445
0.7250000000000001,0.6892777777777741,0.7445
0.7255,0.6894999999999962,0.7445
0.726,0.6898333333333295,0.7445
0.7265,0.6900555555555518,0.7445
0.7270000000000001,0.6903333333333296,0.7445
0.7275,0.6906111111111073,0.7445
0.728,0.6909444444444406,0.7445
0.7285,0.6912777777777739,0.7445
0.7290000000000001,0.691499999999996,0.7445
0.7295,0.6917222222222182,0.7445
0.73,0.6920555555555515,0.7445
0.7305,0.6923333333333294,0.7445
0.7310000000000001,0.6926111111111071,0.7445
0.7315,0.6929444444444404,0.7445
0.732,0.6931666666666625,0.7445
0.7325,0.6934999999999958,0.7445
0.7330000000000001,0.693722222222218,0.7445
0.7335,0.6939999999999958,0.7445
0.734,0.6942777777777736,0.7445
0.7345,0.6946111111111068,0.7445
0.7350000000000001,0.694833333333329,0.7445
0.7355,0.6951666666666623,0.7445
0.736,0.6953888888888845,0.7445
0.7365,0.6956666666666623,0.7445
0.7370000000000001,0.69594444444444,0.7445
0.7375,0.6962777777777733,0.7445
0.738,0.6964999999999955,0.7445
0.7385,0.6968333333333288,0.7445
0.7390000000000001,0.697055555555551,0.7445
0.7395,0.6973333333333288,0.7445
0.74,0.6976111111111065,0.7445
0.7405,0.6979444444444398,0.7445
0.7410000000000001,0.6981666666666619,0.7445
0.7415,0.6984999999999952,0.7445
0.742,0.6987222222222175,0.7445
0.7425,0.6989444444444397,0.7445
0.7430000000000001,0.699277777777773,0.7445
0.7435,0.6996111111111063,0.7445
0.744,0.6998333333333284,0.7445
0.7445,0.7000555555555507,0.7445
0.7450000000000001,0.7003333333333285,0.7445
0.7455,0.7006111111111062,0.7445
0.746,0.7009444444444395,0.7445
0.7465,0.7011666666666616,0.7445
0.7470000000000001,0.7013888888888838,0.7445
0.7475,0.7017222222222171,0.7445
0.748,0.7019444444444394,0.7445
0.7485,0.7022777777777727,0.7445
0.7490000000000001,0.7024999999999948,0.7445
0.7495,0.7028333333333281,0.7445
0.75,0.7030555555555503,0.7445
0.7505000000000001,0.7032777777777726,0.7445
0.7510000000000001,0.7036111111111059,0.7445
0.7515000000000001,0.703833333333328,0.7445
0.752,0.7041666666666613,0.7445
0.7525,0.7043888888888835,0.7445
0.753,0.7046111111111057,0.7445
0.7535000000000001,0.704944444444439,0.7445
0.754,0.7051666666666612,0.7445
0.7545,0.7054999999999945,0.7445
0.755,0.7057222222222167,0.7445
0.7555000000000001,0.7059444444444389,0.7445
0.756,0.7062777777777722,0.7445
0.7565,0.7064999999999944,0.7445
0.757,0.7068333333333277,0.7445
0.7575000000000001,0.7070555555555499,0.7445
0.758,0.7072777777777721,0.7445
0.7585,0.7076111111111054,0.7445
0.759,0.7078333333333275,0.7445
0.7595000000000001,0.7080555555555498,0.7445
0.76,0.7083333333333276,0.7445
0.7605,0.7086111111111053,0.7445
0.761,0.7089444444444386,0.7445
0.7615000000000001,0.7091666666666607,0.7445
0.762,0.709388888888883,0.7445
0.7625,0.7096111111111052,0.7445
0.763,0.7099444444444385,0.7445
0.7635000000000001,0.7101666666666606,0.7445
0.764,0.7103888888888829,0.7445
0.7645,0.7107222222222161,0.7445
0.765,0.7109444444444384,0.7445
0.7655000000000001,0.7112777777777717,0.7445
0.766,0.7114999999999938,0.7445
0.7665,0.711722222222216,0.7445
0.767,0.7119444444444383,0.7445
0.7675000000000001,0.7122777777777716,0.7445
0.768,0.7124999999999937,0.7445
0.7685,0.7127222222222159,0.7445
0.769,0.7129999999999937,0.7445
0.7695000000000001,0.7132777777777715,0.7445
0.77,0.7134999999999936,0.7445
0.7705,0.7138333333333269,0.7445
0.771,0.7140555555555491,0.7445
0.7715000000000001,0.7142777777777713,0.7445
0.772,0.7146111111111046,0.7445
0.7725,0.7148333333333268,0.7445
0.773,0.715055555555549,0.7445
0.7735000000000001,0.7152777777777712,0.7445
0.774,0.7156111111111045,0.7445
0.7745,0.7158333333333267,0.7445
0.775,0.7160555555555489,0.7445
0.7755000000000001,0.7162777777777711,0.7445
0.776,0.7166111111111044,0.7445
0.7765,0.7168333333333266,0.7445
0.777,0.7170555555555488,0.7445
0.7775000000000001,0.717277777777771,0.7445
0.778,0.7176111111111043,0.7445
0.7785,0.7178333333333264,0.7445
0.779,0.7180555555555487,0.7445
0.7795000000000001,0.7182777777777709,0.7445
0.78,0.7186111111111042,0.7445
0.7805,0.7188333333333263,0.7445
0.781,0.7190555555555486,0.7445
0.7815000000000001,0.7192777777777708,0.7445
0.782,0.7196111111111041,0.7445
0.7825,0.7198333333333262,0.7445
0.783,0.7200555555555485,0.7445
0.7835000000000001,0.7202777777777707,0.7445
0.784,0.720611111111104,0.7445
0.7845,0.7208333333333261,0.7445
0.785,0.7210555555555483,0.7445
0.7855000000000001,0.7212777777777706,0.7445
0.786,0.7214999999999927,0.7445
0.7865,0.7217222222222149,0.7445
0.787,0.7219999999999928,0.7445
0.7875000000000001,0.7222777777777705,0.7445
0.788,0.7224999999999926,0.7445
0.7885,0.7227222222222148,0.7445
0.789,0.7229444444444371,0.7445
0.7895000000000001,0.7232777777777704,0.7445
0.79,0.7234999999999925,0.7445
0.7905,0.7237916666666592,0.7445
0.791,0.7242916666666591,0.7445
0.7915000000000001,0.7246527777777702,0.7445
0.792,0.7251527777777702,0.7445
0.7925,0.7255138888888814,0.7445
0.793,0.7260138888888812,0.7445
0.7935000000000001,0.7263749999999923,0.7445
0.794,0.7268749999999923,0.7445
0.7945,0.7272361111111033,0.7445
0.795,0.7277361111111034,0.7445
0.7955000000000001,0.7280277777777701,0.7445
0.796,0.7284583333333254,0.7445
0.7965,0.728888888888881,0.7445
0.797,0.7293194444444366,0.7445
0.7975000000000001,0.729749999999992,0.7445
0.798,0.7301805555555476,0.7445
0.7985,0.7305416666666588,0.7445
0.799,0.7310416666666586,0.7445
0.7995000000000001,0.7314027777777697,0.7445
0.8,0.7319027777777698,0.7445
0.8005,0.7322638888888807,0.7445
0.801,0.7326249999999919,0.7445
0.8015000000000001,0.7331249999999919,0.7445
0.802,0.733486111111103,0.7445
0.8025,0.7339305555555474,0.7445
0.803,0.734347222222214,0.7445
0.8035000000000001,0.7348472222222139,0.7445
0.804,0.7351527777777696,0.7445
0.8045,0.7357083333333251,0.7445
0.805,0.7360694444444361,0.7445
0.8055000000000001,0.736458333333325,0.7445
0.806,0.7369305555555472,0.7445
0.8065,0.737319444444436,0.7445
0.807,0.7376805555555471,0.7445
0.8075000000000001,0.7381805555555471,0.7445
0.808,0.7385416666666582,0.7445
0.8085,0.7390416666666582,0.7445
0.809,0.7394027777777692,0.7445
0.8095000000000001,0.7398472222222137,0.7445
0.81,0.7402638888888803,0.7445
0.8105,0.7407638888888802,0.7445
0.811,0.7410138888888802,0.7445
0.8115000000000001,0.7415138888888801,0.7445
0.812,0.7418749999999913,0.7445
0.8125,0.7422361111111023,0.7445
0.8130000000000001,0.7425972222222134,0.7445
0.8135000000000001,0.7430972222222134,0.7445
0.8140000000000001,0.7434583333333246,0.7445
0.8145,0.7438194444444355,0.7445
0.8150000000000001,0.7442638888888801,0.7445
0.8155000000000001,0.7446805555555466,0.7445
0.8160000000000001,0.7450694444444355,0.7445
0.8165,0.7454305555555466,0.7445
0.817,0.7459305555555464,0.7445
0.8175,0.7462916666666576,0.7445
0.8180000000000001,0.7467916666666576,0.7445
0.8185,0.7471527777777686,0.7445
0.819,0.7475416666666576,0.7445
0.8195,0.7480138888888798,0.7445
0.8200000000000001,0.7484027777777685,0.7445
0.8205,0.7486944444444352,0.7445
0.821,0.7491249999999907,0.7445
0.8215,0.7494861111111019,0.7445
0.8220000000000001,0.7498472222222129,0.7445
0.8225,0.7503472222222128,0.7445
0.823,0.7505972222222129,0.7445
0.8235,0.7510972222222128,0.7445
0.8240000000000001,0.7514583333333239,0.7445
0.8245,0.751958333333324,0.7445
0.825,0.7523194444444349,0.7445
0.8255,0.7527083333333239,0.7445
0.8260000000000001,0.753180555555546,0.7445
0.8265,0.7534305555555459,0.7445
0.827,0.7537916666666571,0.7445
0.8275,0.7541527777777681,0.7445
0.8280000000000001,0.7545972222222126,0.7445
0.8285,0.7550138888888792,0.7445
0.829,0.7554027777777681,0.7445
0.8295,0.7557638888888791,0.7445
0.8300000000000001,0.7562638888888791,0.7445
0.8305,0.7565694444444347,0.7445
0.831,0.7571249999999902,0.7445
0.8315,0.7573749999999901,0.7445
0.8320000000000001,0.7577361111111013,0.7445
0.8325,0.7580972222222123,0.7445
0.833,0.7584027777777679,0.7445
0.8335,0.7589583333333234,0.7445
0.8340000000000001,0.7592083333333234,0.7445
0.8345,0.7597083333333233,0.7445
0.835,0.7600694444444344,0.7445
0.8355,0.7604583333333232,0.7445
0.8360000000000001,0.7608194444444343,0.7445
0.8365,0.7613194444444343,0.7445
0.837,0.7615416666666566,0.7445
0.8375,0.7619027777777676,0.7445
0.8380000000000001,0.7622916666666565,0.7445
0.8385,0.7626527777777675,0.7445
0.839,0.7631527777777675,0.7445
0.8395,0.7635138888888786,0.7445
0.8400000000000001,0.7639027777777675,0.7445
0.8405,0.7642638888888785,0.7445
0.841,0.7646249999999896,0.7445
0.8415,0.7649305555555452,0.7445
0.8420000000000001,0.7653472222222119,0.7445
0.8425,0.7657361111111006,0.7445
0.843,0.7660972222222118,0.7445
0.8435,0.7665972222222117,0.7445
0.8440000000000001,0.7668472222222117,0.7445
0.8445,0.7673472222222116,0.7445
0.845,0.7676388888888783,0.7445
0.8455,0.7680694444444338,0.7445
0.8460000000000001,0.7683194444444338,0.7445
0.8465,0.7686805555555449,0.7445
0.847,0.7691805555555448,0.7445
0.8475,0.7694305555555448,0.7445
0.8480000000000001,0.7699305555555448,0.7445
0.8485,0.7702361111111004,0.7445
0.849,0.770652777777767,0.7445
0.8495,0.770902777777767,0.7445
0.8500000000000001,0.7712638888888781,0.7445
0.8505,0.7717638888888779,0.7445
0.851,0.772013888888878,0.7445
0.8515,0.772513888888878,0.7445
0.8520000000000001,0.7728194444444335,0.7445
0.8525,0.7732361111111001,0.7445
0.853,0.7734861111111001,0.7445
0.8535,0.7738472222222113,0.7445
0.8540000000000001,0.7743472222222111,0.7445
0.8545,0.7745972222222112,0.7445
0.855,0.7749305555555445,0.7445
0.8555,0.7750694444444333,0.7445
0.8560000000000001,0.7752083333333222,0.7445
0.8565,0.7753472222222111,0.7445
0.857,0.7754861111110999,0.7445
0.8575,0.7757638888888777,0.7445
0.8580000000000001,0.7759027777777666,0.7445
0.8585,0.7761805555555443,0.7445
0.859,0.7762499999999888,0.7445
0.8595,0.7764583333333221,0.7445
0.8600000000000001,0.7765972222222111,0.7445
0.8605,0.7767361111110999,0.7445
0.861,0.7770138888888777,0.7445
0.8615,0.7771527777777666,0.7445
0.8620000000000001,0.7774305555555443,0.7445
0.8625,0.7774305555555443,0.7445
0.863,0.7775694444444332,0.7445
0.8635,0.7778472222222109,0.7445
0.8640000000000001,0.7779861111110998,0.7445
0.8645,0.7782638888888777,0.7445
0.865,0.7784027777777666,0.7445
0.8655,0.7785416666666554,0.7445
0.8660000000000001,0.7786805555555443,0.7445
0.8665,0.7788194444444332,0.7445
0.867,0.7790972222222109,0.7445
0.8675,0.7792361111110998,0.7445
0.8680000000000001,0.7795138888888776,0.7445
0.8685,0.7795138888888776,0.7445
0.869,0.7796527777777664,0.7445
0.8695,0.7799305555555442,0.7445
0.8700000000000001,0.7800694444444332,0.7445
0.8705,0.7803472222222109,0.7445
0.871,0.7804166666666553,0.7445
0.8715,0.7804861111110998,0.7445
0.8720000000000001,0.7807638888888776,0.7445
0.8725,0.7809027777777664,0.7445
0.873,0.7811805555555442,0.7445
0.8735,0.7813194444444331,0.7445
0.8740000000000001,0.7814583333333219,0.7445
0.8745,0.7815972222222108,0.7445
0.875,0.7817361111110998,0.7445
0.8755000000000001,0.7820138888888776,0.7445
0.8760000000000001,0.7821527777777665,0.7445
0.8765000000000001,0.7822916666666553,0.7445
0.877,0.7824305555555442,0.7445
0.8775000000000001,0.7825694444444331,0.7445
0.8780000000000001,0.7828472222222108,0.7445
0.8785000000000001,0.7829861111110997,0.7445
0.879,0.7831249999999886,0.7445
0.8795000000000001,0.7832638888888775,0.7445
0.88,0.7834027777777665,0.7445
0.8805000000000001,0.7836805555555442,0.7445
0.881,0.7838194444444331,0.7445
0.8815,0.783958333333322,0.7445
0.882,0.7840972222222109,0.7445
0.8825000000000001,0.7842361111110998,0.7445
0.883,0.7845138888888775,0.7445
0.8835,0.7846527777777664,0.7445
0.884,0.7847916666666553,0.7445
0.8845000000000001,0.7849305555555443,0.7445
0.885,0.785069444444433,0.7445
0.8855,0.7853472222222109,0.7445
0.886,0.7854861111110998,0.7445
0.8865000000000001,0.7856249999999887,0.7445
0.887,0.7857638888888775,0.7445
0.8875,0.7859027777777664,0.7445
0.888,0.7861805555555442,0.7445
0.8885000000000001,0.7863194444444331,0.7445
0.889,0.7864583333333219,0.7445
0.8895,0.7865972222222108,0.7445
0.89,0.7867361111110998,0.7445
0.8905000000000001,0.7870138888888776,0.7445
0.891,0.7871527777777665,0.7445
0.8915,0.7871527777777665,0.7445
0.892,0.7874305555555442,0.7445
0.8925000000000001,0.7875694444444331,0.7445
0.893,0.7878472222222108,0.7445
0.8935,0.7878472222222108,0.7445
0.894,0.7879861111110997,0.7445
0.8945000000000001,0.7882638888888776,0.7445
0.895,0.7884027777777665,0.7445
0.8955,0.7886805555555442,0.7445
0.896,0.7886805555555442,0.7445
0.8965000000000001,0.7888194444444331,0.7445
0.897,0.7890972222222109,0.7445
0.8975,0.7892361111110998,0.7445
0.898,0.7893749999999886,0.7445
0.8985000000000001,0.7895138888888775,0.7445
0.899,0.7896527777777664,0.7445
0.8995,0.7899305555555443,0.7445
0.9,0.7899999999999886,0.7445
